question,answer,accuracy,relevance,conciseness,helpfulness,overall
What is the tax period mentioned for VAT declaration in the context?,Kỳ tính thuế được đề cập trong bối cảnh là Quý 4 năm 2024.,5,5,5,5,5.0
CỘNG HÒA XÃ HỘI CHỦ NGHĨA VIỆT NAM có ý nghĩa gì trong việc bảo vệ dữ liệu cá nhân và tuân thủ quy định?,Không tìm thấy thông tin.,1,1,5,1,1.5
Can you provide details about the tax identification number 0106769437 and its associated company?,"Tên người nộp thuế: CÔNG TY CỔ PHẦN DHA SURFACES  
Mã số thuế: 0106769437",5,5,5,5,5.0
Tại sao Việt Nam lại có các quy định về thuế giá trị gia tăng trong báo cáo thuế?,Không tìm thấy thông tin.,1,1,5,1,1.5
Who is Trịnh Thị Sang in the context of tax documentation?,Trịnh Thị Sang là người nộp thuế hoặc đại diện hợp pháp của người nộp thuế trong bối cảnh tài liệu thuế.,5,5,5,5,5.0
Ai là người ký điện tử trong bảng thuế?,Người ký điện tử trong bảng thuế là **Công ty Cổ phần DHA Surfaces.**,1,5,5,1,3.0
Nghị định này quy định về điều gì?,"Nghị định này quy định về bảo vệ dữ liệu cá nhân và trách nhiệm bảo vệ dữ liệu cá nhân của cơ quan, tổ chức, cá nhân có liên quan.",5,5,5,5,5.0
Việt Nam có những quy định gì về bảo vệ dữ liệu cá nhân và ai là đối tượng áp dụng?,"Việt Nam có quy định về bảo vệ dữ liệu cá nhân và trách nhiệm bảo vệ dữ liệu cá nhân của cơ quan, tổ chức, cá nhân có liên quan. Đối tượng áp dụng bao gồm:

1. Cơ quan, tổ chức, cá nhân Việt Nam.
2. Cơ quan, tổ chức, cá nhân nước ngoài tại Việt Nam.
3. Cơ quan, tổ chức, cá nhân Việt Nam hoạt động tại nước ngoài.
4. Cơ quan, tổ chức, cá nhân nước ngoài trực tiếp tham gia hoặc có liên quan đến hoạt động xử lý dữ liệu cá nhân tại Việt Nam.",5,5,4,5,4.75
Bên Kiểm soát dữ liệu là gì trong bối cảnh bảo vệ dữ liệu cá nhân?,"Bên Kiểm soát dữ liệu là tổ chức, cá nhân đồng thời quyết định mục đích, phương tiện và trực tiếp xử lý dữ liệu cá nhân.",5,5,5,5,5.0
Chính phủ có vai trò gì trong việc quản lý nhà nước về bảo vệ dữ liệu cá nhân?,"Chính phủ thống nhất quản lý nhà nước về bảo vệ dữ liệu cá nhân. Nội dung quản lý nhà nước về bảo vệ dữ liệu cá nhân bao gồm việc trình cơ quan nhà nước có thẩm quyền ban hành hoặc ban hành theo thẩm quyền văn bản quy phạm pháp luật, xây dựng và tổ chức thực hiện chiến lược, chính sách, đề án, dự án, chương trình, kế hoạch về bảo vệ dữ liệu cá nhân, hướng dẫn cơ quan, tổ chức, cá nhân về biện pháp, quy trình, tiêu chuẩn bảo vệ dữ liệu cá nhân, tuyên truyền, giáo dục pháp luật về bảo vệ dữ liệu cá nhân, xây dựng, đào tạo, bồi dưỡng cán bộ, công chức, viên chức và người trực giao làm công tác bảo vệ dữ liệu cá nhân, cũng như thanh tra, kiểm tra việc thực hiện quy định của pháp luật về bảo vệ dữ liệu cá nhân.",5,5,3,5,4.5
CHÍNH PHỦ làm gì để bảo vệ dữ liệu cá nhân?,"Chính phủ ban hành Nghị định bảo vệ dữ liệu cá nhân, trong đó quy định việc thực hiện pháp luật về bảo vệ dữ liệu cá nhân cho cơ quan nhà nước có thẩm quyền. Nghị định cũng đề ra các biện pháp hợp tác quốc tế, bao gồm xây dựng cơ chế hợp tác, tham gia tương trợ tư pháp, tổ chức hội nghị, hội thảo, và chuyển giao công nghệ phục vụ bảo vệ dữ liệu cá nhân. Ngoài ra, Nghị định quy định các hành vi bị nghiêm cấm liên quan đến xử lý dữ liệu cá nhân.",5,5,4,5,4.75
Cái gì là Nghị định bảo vệ dữ liệu cá nhân của Cộng hòa xã hội chủ nghĩa Việt Nam?,"Nghị định bảo vệ dữ liệu cá nhân của Cộng hòa xã hội chủ nghĩa Việt Nam là văn bản pháp lý được ban hành bởi Chính phủ, nhằm quy định về việc bảo vệ dữ liệu cá nhân, bao gồm các quy định liên quan đến việc thực hiện pháp luật về bảo vệ dữ liệu cá nhân, hợp tác quốc tế, và các hành vi bị nghiêm cấm trong việc xử lý dữ liệu cá nhân. Nghị định này được ban hành căn cứ vào các luật và quy định liên quan, nhằm đảm bảo quyền lợi và bảo vệ thông tin cá nhân của công dân.",5,5,4,5,4.75
Nghị định nói gì về quyền của chủ thể dữ liệu?,"Nghị định quy định các quyền của chủ thể dữ liệu như sau:

1. **Quyền được biết**: Chủ thể dữ liệu có quyền biết về hoạt động xử lý dữ liệu cá nhân của mình.
2. **Quyền đồng ý**: Chủ thể dữ liệu có quyền đồng ý hoặc không đồng ý cho phép xử lý dữ liệu cá nhân của mình.
3. **Quyền truy cập**: Chủ thể dữ liệu có quyền truy cập để xem, chỉnh sửa hoặc yêu cầu chỉnh sửa dữ liệu cá nhân của mình.
4. **Quyền rút lại sự đồng ý**: Chủ thể dữ liệu có quyền rút lại sự đồng ý của mình.
5. **Quyền xóa dữ liệu**: Chủ thể dữ liệu có quyền xóa hoặc yêu cầu xóa dữ liệu cá nhân của mình.
6. **Quyền hạn chế xử lý dữ liệu**: Chủ thể dữ liệu có quyền yêu cầu hạn chế xử lý dữ liệu cá nhân của mình.
7. **Quyền cung cấp dữ liệu**: Chủ thể dữ liệu có quyền yêu cầu Bên Kiểm soát dữ liệu cá nhân cung cấp cho bản thân dữ liệu cá nhân của mình.
8. **Quyền phản đối xử lý dữ liệu**: Chủ thể dữ liệu có quyền phản đối việc xử lý dữ liệu cá nhân của mình.
9. **Quyền khiếu nại, tố cáo, khởi kiện**: Chủ thể dữ liệu có quyền khiếu nại, tố cáo hoặc khởi kiện theo quy định của pháp luật.
10. **Quyền yêu cầu bồi thường thiệt hại**: Chủ thể dữ liệu có quyền yêu cầu bồi thường thiệt hại khi xảy ra vi phạm quy định về bảo vệ dữ liệu cá nhân của mình.
11. **Quyền tự bảo vệ**: Chủ thể dữ liệu có quyền tự bảo vệ theo quy định của pháp luật.",5,5,4,5,4.75
Bảo vệ dữ liệu cá nhân có nghĩa vụ gì cho chủ thể dữ liệu?,"Chủ thể dữ liệu có nghĩa vụ như sau:

1. Tự bảo vệ dữ liệu cá nhân của mình; yêu cầu các tổ chức, cá nhân khác có liên quan bảo vệ dữ liệu cá nhân của mình.
2. Tôn trọng, bảo vệ dữ liệu cá nhân của người khác.
3. Cung cấp đầy đủ, chính xác dữ liệu cá nhân khi đồng ý cho phép xử lý dữ liệu cá nhân.
4. Tham gia tuyên truyền, phổ biến kỹ năng bảo vệ dữ liệu cá nhân.
5. Thực hiện quy định của pháp luật về bảo vệ dữ liệu cá nhân và tham gia phòng, chống các hành vi vi phạm quy định về bảo vệ dữ liệu cá nhân.",5,5,4,5,4.75
Điều 14 nói gì về cung cấp dữ liệu cá nhân?,"Điều 14 quy định về việc cung cấp dữ liệu cá nhân như sau:

1. Chủ thể dữ liệu có quyền yêu cầu Bên Kiểm soát dữ liệu cá nhân, Bên Kiểm soát và xử lý dữ liệu cá nhân cung cấp bản thân dữ liệu cá nhân của mình.
2. Bên Kiểm soát dữ liệu cá nhân, Bên Kiểm soát và xử lý dữ liệu cá nhân:
   a) Có thể cung cấp dữ liệu cá nhân của chủ thể dữ liệu cho tổ chức, cá nhân khác khi có sự đồng ý của chủ thể dữ liệu, trừ trường hợp pháp luật có quy định khác;
   b) Có thể thay mặt chủ thể dữ liệu cung cấp dữ liệu cá nhân cho tổ chức hoặc cá nhân khác khi chủ thể dữ liệu đồng ý cho phép đại diện hoặc ủy quyền, trừ trường hợp pháp luật có quy định khác.
3. Việc cung cấp dữ liệu cá nhân của chủ thể dữ liệu phải được thực hiện trong 72 giờ sau khi có yêu cầu của chủ thể dữ liệu, trừ trường hợp pháp luật có quy định khác.
4. Bên Kiểm soát dữ liệu cá nhân, Bên Kiểm soát và xử lý dữ liệu cá nhân không được cung cấp dữ liệu cá nhân trong các trường hợp gây tổn hại tới quốc phòng, an ninh quốc gia, trật tự an toàn xã hội.",5,5,4,5,4.75
Điều 12 nói gì về việc rút lại sự đồng ý?,"Điều 12 quy định về việc rút lại sự đồng ý như sau:

1. Việc rút lại sự đồng ý không ảnh hưởng đến tính hợp pháp của việc xử lý dữ liệu đã được đồng ý trước khi rút lại sự đồng ý.
2. Việc rút lại sự đồng ý phải được thể hiện ở một định dạng có thể được in, sao chép bằng văn bản, bao gồm cả dưới dạng điện tử hoặc định dạng kiể chứng được.
3. Khi nhận yêu cầu rút lại sự đồng ý của chủ thể dữ liệu, Bên Kiểm soát dữ liệu cá nhân, Bên Kiểm soát và xử lý dữ liệu cá nhân phải thông báo cho chủ thể dữ liệu về hậu quả, thiệt hại có thể xảy ra khi rút lại sự đồng ý.
4. Sau khi thực hiện quy định tại khoản 2, Bên Kiểm soát dữ liệu, Bên Xử lý dữ liệu, Bên Kiểm soát và xử lý dữ liệu, Bên thứ ba phải ngừng và yêu cầu các tổ chức, cá nhân có liên quan ngừng xử lý dữ liệu của chủ thể dữ liệu đã rút lại sự đồng ý.",5,5,4,5,4.75
In what circumstances can personal data not be deleted according to the regulations concerning quốc phòng?,"Dữ liệu cá nhân sẽ không được xóa trong các trường hợp sau liên quan đến quốc phòng:

1. Trong trường hợp tình trạng khẩn cấp về quốc phòng, an ninh quốc gia, trật tự an toàn xã hội, thảm họa lớn, dịch bệnh nguy hiểm; khi có nguy cơ đe dọa an ninh, quốc phòng nhưng chưa đến mức ban bố tình trạng khẩn cấp.
2. Phòng, chống bạo loạn, khủng bố, phòng, chống tội phạm và vi phạm pháp luật.",4,5,3,4,4.0
Những quy định nào của pháp luật liên quan đến việc xóa dữ liệu cá nhân?,"Các quy định của pháp luật liên quan đến việc xóa dữ liệu cá nhân bao gồm:

1. Việc xóa dữ liệu không áp dụng khi có đề nghị của chủ thể dữ liệu trong các trường hợp:
   a) Pháp luật quy định không cho phép xóa dữ liệu.
   b) Dữ liệu cá nhân được xử lý bởi cơ quan nhà nước có thẩm quyền với mục đích phục vụ hoạt động của cơ quan nhà nước theo quy định của pháp luật.
   c) Dữ liệu cá nhân đã được công khai theo quy định của pháp luật.
   d) Dữ liệu cá nhân được xử lý nhằm phục vụ yêu cầu pháp lý, nghiên cứu khoa học, thống kê theo quy định của pháp luật.
   e) Trong trường hợp tình trạng khẩn cấp về quốc phòng, an ninh quốc gia, trật tự an toàn xã hội, thảm họa lớn, dịch bệnh nguy hiểm; khi có nguy cơ đe dọa an ninh, quốc phòng nhưng chưa đến mức ban bố tình trạng khẩn cấp; phòng, chống bạo loạn, khủng bố, phòng, chống tội phạm và vi phạm pháp luật.
   f) Ứng phó với tình huống khẩn cấp đe dọa đến tính mạng, sức khỏe hoặc sự an toàn của chủ thể dữ liệu hoặc cá nhân khác.

2. Việc xóa dữ liệu được thực hiện trong 72 giờ sau khi có yêu cầu của chủ thể dữ liệu, trừ trường hợp pháp luật có quy định khác.

3. Bên Kiểm soát dữ liệu cá nhân, Bên Kiểm soát và xử lý dữ liệu cá nhân, Bên Xử lý dữ liệu cá nhân, Bên thứ ba có trách nhiệm xóa dữ liệu không thể khôi phục trong các trường hợp:
   a) Xử lý dữ liệu không đúng mục đích hoặc đã hoàn thành mục đích xử lý dữ liệu cá nhân được chủ thể dữ liệu đồng ý.
   b) Việc lưu trữ dữ liệu cá nhân không còn cần thiết đối với hoạt động của các bên liên quan.",5,5,4,5,4.75
Cục An ninh mạng có vai trò gì trong việc thông báo vi phạm quy định về bảo vệ dữ liệu cá nhân?,Cục An ninh mạng có vai trò nhận thông báo từ Bên Kiểm soát dữ liệu cá nhân và Bên Kiểm soát và xử lý dữ liệu cá nhân khi phát hiện vi phạm quy định bảo vệ dữ liệu cá nhân. Thông báo phải được thực hiện chậm nhất 72 giờ sau khi xảy ra hành vi vi phạm. Cục cũng phối hợp với các bên liên quan để xử lý hành vi vi phạm.,5,5,4,5,4.75
What does Điều 17 specify regarding the processing of children's personal data?,Không tìm thấy thông tin.,1,1,5,1,1.5
What are the requirements for transferring personal data outside of Việt Nam according to the regulations?,"Theo quy định, dữ liệu cá nhân của công dân Việt Nam được chuyển ra nước ngoài trong trường hợp Bên chuyển dữ liệu ra nước ngoài lập Hồ sơ đánh giá tác động chuyển dữ liệu cá nhân ra nước ngoài.",4,5,4,4,4.25
What is the role of Bộ Công an in the evaluation of personal data processing impact?,"Bộ Công an (Cục An ninh mạng và phòng, chống tội phạm sử dụng công nghệ cao) có vai trò đánh giá, yêu cầu Bên Kiểm soát dữ liệu cá nhân, Bên Kiểm soát và xử lý dữ liệu cá nhân trong việc thực hiện đánh giá tác động xử lý dữ liệu cá nhân. Họ cũng có quyền kiểm tra, đánh giá Hồ sơ đánh giá tác động xử lý dữ liệu cá nhân và yêu cầu gửi bản chính của hồ sơ này trong thời gian quy định.",5,5,4,5,4.75
What are the requirements for transferring personal data of Công dân Việt Nam abroad?,"Các yêu cầu để chuyển dữ liệu cá nhân của Công dân Việt Nam ra nước ngoài bao gồm:

1. Hồ sơ đánh giá tác động chuyển dữ liệu cá nhân ra nước ngoài, bao gồm:
   - Thông tin và chi tiết liên lạc của Bên chuyển dữ liệu và Bên tiếp nhận dữ liệu cá nhân.
   - Họ tên, chi tiết liên lạc của tổ chức, cá nhân phụ trách của Bên chuyển dữ liệu.
   - Mô tả và luận giải mục tiêu của các hoạt động xử lý dữ liệu cá nhân sau khi chuyển ra nước ngoài.
   - Mô tả loại dữ liệu cá nhân chuyển ra nước ngoài.
   - Chi tiết các biện pháp bảo vệ dữ liệu cá nhân được áp dụng.
   - Đánh giá mức độ ảnh hưởng của việc xử lý dữ liệu cá nhân và các biện pháp giảm thiểu rủi ro.
   - Sự đồng ý của chủ thể dữ liệu.
   - Văn bản thể hiện sự ràng buộc, trách nhiệm giữa các tổ chức, cá nhân liên quan.

2. Hồ sơ phải luôn có sẵn để phục vụ hoạt động kiểm tra của Bộ Công an và gửi 01 bản chính tới Bộ Công an trong thời gian 60 ngày kể từ ngày tiến hành xử lý dữ liệu.

3. Bên chuyển dữ liệu phải thông báo cho Bộ Công an về việc chuyển dữ liệu và chi tiết liên lạc của tổ chức, cá nhân phụ trách sau khi việc chuyển dữ liệu diễn ra thành công.

4. Bộ Công an có quyền yêu cầu hoàn thiện hồ sơ nếu chưa đầy đủ và đúng quy định, và Bên chuyển dữ liệu phải cập nhật, bổ sung hồ sơ khi có sự thay đổi.

5. Bộ Công an quyết định việc kiểm tra chuyển dữ liệu cá nhân ra nước ngoài 01 lần/năm và có quyền yêu cầu ngừng chuyển dữ liệu trong một số trường hợp cụ thể.",5,5,4,5,4.75
What are the requirements outlined in the Nghị định for the assessment of the impact of transferring personal data abroad?,"Các yêu cầu được nêu trong Nghị định cho hồ sơ đánh giá tác động chuyển dữ liệu cá nhân ra nước ngoài bao gồm:

1. Thông tin và chi tiết liên lạc của Bên chuyển dữ liệu và Bên tiếp nhận dữ liệu cá nhân của công dân Việt Nam.
2. Họ tên, chi tiết liên lạc của tổ chức, cá nhân phụ trách của Bên chuyển dữ liệu có liên quan tới việc chuyển và tiếp nhận dữ liệu cá nhân.
3. Mô tả và luận giải mục tiêu của các hoạt động xử lý dữ liệu cá nhân của công dân Việt Nam sau khi được chuyển ra nước ngoài.
4. Mô tả và làm rõ loại dữ liệu cá nhân chuyển ra nước ngoài.
5. Mô tả và nếu có sự tuân thủ quy định bảo vệ dữ liệu cá nhân, chi tiết các biện pháp bảo vệ dữ liệu cá nhân được áp dụng.
6. Đánh giá mức độ ảnh hưởng của việc xử lý dữ liệu cá nhân; hậu quả, thiệt hại không mong muốn có khả năng xảy ra, các biện pháp giảm thiểu hoặc loại bỏ nguy cơ, tác hại đó.
7. Sự đồng ý của chủ thể dữ liệu theo quy định, trên cơ sở biết rõ cơ chế phản hồi, khiếu nại khi có sự cố hoặc yêu cầu phát sinh.
8. Có văn bản thể hiện sự ràng buộc, trách nhiệm giữa các tổ chức, cá nhân chuyển và nhận dữ liệu cá nhân về việc xử lý dữ liệu cá nhân.",5,5,4,5,4.75
Cục An ninh mạng có trách nhiệm gì trong bảo vệ dữ liệu cá nhân?,"Cục An ninh mạng và phòng, chống tội phạm sử dụng công nghệ cao - Bộ Công an có trách nhiệm giúp Bộ Công an thực hiện quản lý nhà nước về bảo vệ dữ liệu cá nhân.",5,5,5,5,5.0
What role does the Đảng play in the context of personal data protection regulations?,Không tìm thấy thông tin.,1,1,5,1,1.5
"What are the responsibilities of data controllers regarding personal data protection, and what are the potential consequences for violations of personal data protection regulations?","Bên Kiểm soát dữ liệu cá nhân có trách nhiệm tuân thủ các nguyên tắc xử lý dữ liệu được quy định và chứng minh sự tuân thủ của mình với các nguyên tắc đó. Nếu vi phạm quy định bảo vệ dữ liệu cá nhân, cơ quan, tổ chức, cá nhân có thể bị xử lý kỷ luật, xử phạt vi phạm hành chính, hoặc xử lý hình sự theo quy định.",5,5,5,5,5.0
"What rights do data subjects have regarding their personal information, and how does the regulation ensure compliance with these rights?","Chủ thể dữ liệu có các quyền sau đối với dữ liệu cá nhân của mình:

1. **Quyền được biết**: Chủ thể dữ liệu được biết về hoạt động xử lý dữ liệu cá nhân của mình.
2. **Quyền đồng ý**: Chủ thể dữ liệu có quyền đồng ý hoặc không đồng ý cho phép xử lý dữ liệu cá nhân của mình.
3. **Quyền truy cập**: Chủ thể dữ liệu được truy cập để xem, chỉnh sửa hoặc yêu cầu chỉnh sửa dữ liệu cá nhân của mình.
4. **Quyền rút lại sự đồng ý**: Chủ thể dữ liệu có quyền rút lại sự đồng ý của mình.
5. **Quyền xóa dữ liệu**: Chủ thể dữ liệu có quyền xóa hoặc yêu cầu xóa dữ liệu cá nhân của mình.
6. **Quyền hạn chế xử lý dữ liệu**: Chủ thể dữ liệu có quyền yêu cầu hạn chế xử lý dữ liệu cá nhân của mình.
7. **Quyền cung cấp dữ liệu**: Chủ thể dữ liệu có quyền yêu cầu Bên Kiểm soát dữ liệu cá nhân cung cấp cho bản thân dữ liệu cá nhân của mình.
8. **Quyền phản đối xử lý dữ liệu**: Chủ thể dữ liệu có quyền phản đối việc xử lý dữ liệu cá nhân của mình.
9. **Quyền khiếu nại, tố cáo, khởi kiện**: Chủ thể dữ liệu có quyền khiếu nại, tố cáo hoặc khởi kiện theo quy định của pháp luật.
10. **Quyền yêu cầu bồi thường thiệt hại**: Chủ thể dữ liệu có quyền yêu cầu bồi thường thiệt hại khi xảy ra vi phạm quy định về bảo vệ dữ liệu cá nhân của mình.
11. **Quyền tự bảo vệ**: Chủ thể dữ liệu có quyền tự bảo vệ theo quy định của pháp luật.

Nghị định bảo vệ dữ liệu cá nhân đảm bảo tuân thủ các quyền này bằng cách quy định rõ ràng các nghĩa vụ của Bên Kiểm soát dữ liệu cá nhân trong việc thực hiện các yêu cầu của chủ thể dữ liệu, như thực hiện yêu cầu trong thời gian quy định (thường là 72 giờ) và cung cấp thông tin đầy đủ về quyền và nghĩa vụ của chủ thể dữ liệu.",5,5,4,5,4.75
Làm thế nào để thông báo xử lý dữ liệu cá nhân nhạy cảm cho chủ thể dữ liệu?,Không tìm thấy thông tin.,1,1,5,1,1.5
Làm thế nào để bảo vệ dữ liệu cá nhân và đảm bảo việc xử lý dữ liệu cá nhân tuân thủ các quy định pháp luật tại Việt Nam?,"Để bảo vệ dữ liệu cá nhân và đảm bảo việc xử lý dữ liệu cá nhân tuân thủ các quy định pháp luật tại Việt Nam, cần thực hiện các biện pháp sau:

1. **Tuân thủ quy định pháp luật**: Dữ liệu cá nhân phải được xử lý theo quy định của pháp luật và chỉ được xử lý đúng với mục đích đã được Bên Kiểm soát dữ liệu cá nhân xác định.

2. **Thông báo cho chủ thể dữ liệu**: Chủ thể dữ liệu cần được thông báo về các hoạt động liên quan đến việc xử lý dữ liệu cá nhân của họ.

3. **Giới hạn phạm vi thu thập**: Dữ liệu cá nhân chỉ được thu thập trong phạm vi và mục đích cần thiết cho việc xử lý.

4. **Bảo mật dữ liệu**: Áp dụng các biện pháp bảo vệ, bảo mật trong quá trình xử lý dữ liệu cá nhân để ngăn chặn các hành vi vi phạm và bảo vệ dữ liệu khỏi mất mát, phá hủy.

5. **Thời gian lưu trữ**: Dữ liệu cá nhân chỉ được lưu trữ trong khoảng thời gian phù hợp với mục đích xử lý, trừ khi có quy định khác của pháp luật.

6. **Chịu trách nhiệm**: Bên Kiểm soát dữ liệu và Bên Kiểm soát và xử lý dữ liệu cá nhân phải chịu trách nhiệm tuân thủ các nguyên tắc xử lý dữ liệu và chứng minh sự tuân thủ đó.

7. **Đánh giá tác động**: Lập và lưu giữ Hồ sơ đánh giá tác động xử lý dữ liệu cá nhân để đánh giá mức độ ảnh hưởng và các biện pháp giảm thiểu rủi ro.

8. **Chuyển dữ liệu ra nước ngoài**: Trong trường hợp chuyển dữ liệu cá nhân ra nước ngoài, cần lập Hồ sơ đánh giá tác động chuyển dữ liệu và đảm bảo tuân thủ các quy định liên quan.

Bằng cách thực hiện các biện pháp này, các cơ quan, tổ chức và cá nhân có thể bảo vệ dữ liệu cá nhân và đảm bảo việc xử lý dữ liệu tuân thủ quy định pháp luật tại Việt Nam.",5,5,4,5,4.75
