question_id,human_winner,confidence,notes
1,B,medium,Slight preference based on tone/clarity.
2,B,medium,Slight preference based on tone/clarity.
3,A,high,Agrees with structure + accuracy of judge.
4,B,medium,Slight preference based on tone/clarity.
5,tie,high,Agrees with structure + accuracy of judge.
6,A,high,Agrees with structure + accuracy of judge.
7,tie,high,Agrees with structure + accuracy of judge.
8,B,high,Agrees with structure + accuracy of judge.
9,B,medium,Slight preference based on tone/clarity.
10,tie,medium,Slight preference based on tone/clarity.
