question,answer_a,answer_b,run1_winner,run2_winner_flipped,winner_after_swap,reason
What is the tax period mentioned for VAT declaration in the context?,Kỳ tính thuế được đề cập trong bối cảnh là Quý 4 năm 2024.,Không tìm thấy.,A,A,A,"Answer A provides a specific and accurate response regarding the tax period for VAT declaration, while Answer B indicates a lack of information."
CỘNG HÒA XÃ HỘI CHỦ NGHĨA VIỆT NAM có ý nghĩa gì trong việc bảo vệ dữ liệu cá nhân và tuân thủ quy định?,Không tìm thấy thông tin.,Không tìm thấy.,tie,tie,tie,"Both answers indicate a lack of information, making them equally relevant and concise."
Can you provide details about the tax identification number 0106769437 and its associated company?,"Tên người nộp thuế: CÔNG TY CỔ PHẦN DHA SURFACES  
Mã số thuế: 0106769437","Thông tin liên quan đến mã số thuế 0106769437 và công ty liên quan là:

- Tên người nộp thuế: CÔNG TY CỔ PHẦN DHA SURFACES.",tie,A,tie,"Both answers provide the same factual information regarding the tax identification number and the associated company, maintaining relevance to the question and being concise."
Tại sao Việt Nam lại có các quy định về thuế giá trị gia tăng trong báo cáo thuế?,Không tìm thấy thông tin.,Không tìm thấy.,A,tie,tie,"Answer A provides a more specific response by mentioning 'thông tin' in the context of the question about VAT regulations, while Answer B is less informative and vague."
Who is Trịnh Thị Sang in the context of tax documentation?,Trịnh Thị Sang là người nộp thuế hoặc đại diện hợp pháp của người nộp thuế trong bối cảnh tài liệu thuế.,"Trịnh Thị Sang là người nộp thuế hoặc đại diện hợp pháp của người nộp thuế, có trách nhiệm xác nhận tính chính xác của số liệu khai báo trong tài liệu thuế.",B,B,B,"Answer B provides additional relevant information about the responsibilities of Trịnh Thị Sang in the context of tax documentation, specifically mentioning the duty to confirm the accuracy of reported figures, which enhances its factual accuracy and relevance."
Ai là người ký điện tử trong bảng thuế?,Người ký điện tử trong bảng thuế là **Công ty Cổ phần DHA Surfaces.**,Người ký điện tử trong bảng thuế là **Công ty Cổ phần DHA Surfaces.**,tie,tie,tie,"Both answers provide the same factual information, are equally relevant to the question, and are concise."
Nghị định này quy định về điều gì?,"Nghị định này quy định về bảo vệ dữ liệu cá nhân và trách nhiệm bảo vệ dữ liệu cá nhân của cơ quan, tổ chức, cá nhân có liên quan.",Nghị định này quy định về bảo vệ dữ liệu cá nhân.,A,A,A,"Answer A provides a more comprehensive response by including both the protection of personal data and the responsibilities of related entities, making it more informative and relevant to the question."
Việt Nam có những quy định gì về bảo vệ dữ liệu cá nhân và ai là đối tượng áp dụng?,"Việt Nam có quy định về bảo vệ dữ liệu cá nhân và trách nhiệm bảo vệ dữ liệu cá nhân của cơ quan, tổ chức, cá nhân có liên quan. Đối tượng áp dụng bao gồm:

1. Cơ quan, tổ chức, cá nhân Việt Nam.
2. Cơ quan, tổ chức, cá nhân nước ngoài tại Việt Nam.
3. Cơ quan, tổ chức, cá nhân Việt Nam hoạt động tại nước ngoài.
4. Cơ quan, tổ chức, cá nhân nước ngoài trực tiếp tham gia hoặc có liên quan đến hoạt động xử lý dữ liệu cá nhân tại Việt Nam.","Việt Nam có quy định về bảo vệ dữ liệu cá nhân theo Nghị định bảo vệ dữ liệu cá nhân, áp dụng cho các cơ quan, tổ chức, cá nhân Việt Nam; cơ quan, tổ chức, cá nhân nước ngoài tại Việt Nam; và cơ quan, tổ chức, cá nhân Việt Nam hoạt động tại nước ngoài.",A,A,A,"Answer A provides a more comprehensive list of applicable subjects, including foreign entities involved in data processing in Vietnam, which adds clarity and detail to the response."
Bên Kiểm soát dữ liệu là gì trong bối cảnh bảo vệ dữ liệu cá nhân?,"Bên Kiểm soát dữ liệu là tổ chức, cá nhân đồng thời quyết định mục đích, phương tiện và trực tiếp xử lý dữ liệu cá nhân.","Bên Kiểm soát dữ liệu cá nhân là tổ chức, cá nhân quyết định mục đích và phương tiện xử lý dữ liệu cá nhân.",A,B,tie,"Answer A provides a more comprehensive definition by including the aspect of directly processing personal data, which adds clarity to the role of the data controller."
Chính phủ có vai trò gì trong việc quản lý nhà nước về bảo vệ dữ liệu cá nhân?,"Chính phủ thống nhất quản lý nhà nước về bảo vệ dữ liệu cá nhân. Nội dung quản lý nhà nước về bảo vệ dữ liệu cá nhân bao gồm việc trình cơ quan nhà nước có thẩm quyền ban hành hoặc ban hành theo thẩm quyền văn bản quy phạm pháp luật, xây dựng và tổ chức thực hiện chiến lược, chính sách, đề án, dự án, chương trình, kế hoạch về bảo vệ dữ liệu cá nhân, hướng dẫn cơ quan, tổ chức, cá nhân về biện pháp, quy trình, tiêu chuẩn bảo vệ dữ liệu cá nhân, tuyên truyền, giáo dục pháp luật về bảo vệ dữ liệu cá nhân, xây dựng, đào tạo, bồi dưỡng cán bộ, công chức, viên chức và người trực giao làm công tác bảo vệ dữ liệu cá nhân, cũng như thanh tra, kiểm tra việc thực hiện quy định của pháp luật về bảo vệ dữ liệu cá nhân.",Chính phủ thống nhất quản lý nhà nước về bảo vệ dữ liệu cá nhân.,A,A,A,"Answer A provides a comprehensive and detailed explanation of the government's role in managing personal data protection, covering various aspects such as legal framework, strategy implementation, guidance, education, and oversight. In contrast, Answer B only repeats the initial statement without elaboration, making it less informative and relevant to the question."
CHÍNH PHỦ làm gì để bảo vệ dữ liệu cá nhân?,"Chính phủ ban hành Nghị định bảo vệ dữ liệu cá nhân, trong đó quy định việc thực hiện pháp luật về bảo vệ dữ liệu cá nhân cho cơ quan nhà nước có thẩm quyền. Nghị định cũng đề ra các biện pháp hợp tác quốc tế, bao gồm xây dựng cơ chế hợp tác, tham gia tương trợ tư pháp, tổ chức hội nghị, hội thảo, và chuyển giao công nghệ phục vụ bảo vệ dữ liệu cá nhân. Ngoài ra, Nghị định quy định các hành vi bị nghiêm cấm liên quan đến xử lý dữ liệu cá nhân.",CHÍNH PHỦ thống nhất quản lý nhà nước về bảo vệ dữ liệu cá nhân.,A,A,A,"Answer A provides a detailed and comprehensive overview of the government's actions regarding personal data protection, including specific measures and regulations, while Answer B is too vague and lacks sufficient detail to fully address the question."
Cái gì là Nghị định bảo vệ dữ liệu cá nhân của Cộng hòa xã hội chủ nghĩa Việt Nam?,"Nghị định bảo vệ dữ liệu cá nhân của Cộng hòa xã hội chủ nghĩa Việt Nam là văn bản pháp lý được ban hành bởi Chính phủ, nhằm quy định về việc bảo vệ dữ liệu cá nhân, bao gồm các quy định liên quan đến việc thực hiện pháp luật về bảo vệ dữ liệu cá nhân, hợp tác quốc tế, và các hành vi bị nghiêm cấm trong việc xử lý dữ liệu cá nhân. Nghị định này được ban hành căn cứ vào các luật và quy định liên quan, nhằm đảm bảo quyền lợi và bảo vệ thông tin cá nhân của công dân.","Nghị định bảo vệ dữ liệu cá nhân của Cộng hòa xã hội chủ nghĩa Việt Nam là Nghị định số 13/2023/NĐ-CP, ban hành ngày 17 tháng 4 năm 2023, quy định về bảo vệ dữ liệu cá nhân và các quy định pháp lý liên quan.",A,A,A,"Answer A provides a more comprehensive explanation of the purpose and scope of the personal data protection decree, including its legal basis and implications for citizens, while Answer B is more concise but lacks detail and context."
Nghị định nói gì về quyền của chủ thể dữ liệu?,"Nghị định quy định các quyền của chủ thể dữ liệu như sau:

1. **Quyền được biết**: Chủ thể dữ liệu có quyền biết về hoạt động xử lý dữ liệu cá nhân của mình.
2. **Quyền đồng ý**: Chủ thể dữ liệu có quyền đồng ý hoặc không đồng ý cho phép xử lý dữ liệu cá nhân của mình.
3. **Quyền truy cập**: Chủ thể dữ liệu có quyền truy cập để xem, chỉnh sửa hoặc yêu cầu chỉnh sửa dữ liệu cá nhân của mình.
4. **Quyền rút lại sự đồng ý**: Chủ thể dữ liệu có quyền rút lại sự đồng ý của mình.
5. **Quyền xóa dữ liệu**: Chủ thể dữ liệu có quyền xóa hoặc yêu cầu xóa dữ liệu cá nhân của mình.
6. **Quyền hạn chế xử lý dữ liệu**: Chủ thể dữ liệu có quyền yêu cầu hạn chế xử lý dữ liệu cá nhân của mình.
7. **Quyền cung cấp dữ liệu**: Chủ thể dữ liệu có quyền yêu cầu Bên Kiểm soát dữ liệu cá nhân cung cấp cho bản thân dữ liệu cá nhân của mình.
8. **Quyền phản đối xử lý dữ liệu**: Chủ thể dữ liệu có quyền phản đối việc xử lý dữ liệu cá nhân của mình.
9. **Quyền khiếu nại, tố cáo, khởi kiện**: Chủ thể dữ liệu có quyền khiếu nại, tố cáo hoặc khởi kiện theo quy định của pháp luật.
10. **Quyền yêu cầu bồi thường thiệt hại**: Chủ thể dữ liệu có quyền yêu cầu bồi thường thiệt hại khi xảy ra vi phạm quy định về bảo vệ dữ liệu cá nhân của mình.
11. **Quyền tự bảo vệ**: Chủ thể dữ liệu có quyền tự bảo vệ theo quy định của pháp luật.","Nghị định nói rằng chủ thể dữ liệu có quyền đồng ý hoặc không đồng ý cho phép xử lý dữ liệu cá nhân của mình, quyền truy cập để xem, chỉnh sửa dữ liệu cá nhân, và quyền tự bảo vệ theo quy định của pháp luật. Chủ thể dữ liệu cũng có quyền yêu cầu các cơ quan, tổ chức có thẩm quyền thực hiện các phương thức bảo vệ quyền dân sự liên quan.",A,A,A,"Answer A provides a comprehensive and detailed list of the rights of data subjects as outlined in the decree, covering multiple aspects of data protection. In contrast, Answer B is less detailed and only mentions a few rights, missing several important ones. Therefore, Answer A is more factually accurate and relevant to the question."
Bảo vệ dữ liệu cá nhân có nghĩa vụ gì cho chủ thể dữ liệu?,"Chủ thể dữ liệu có nghĩa vụ như sau:

1. Tự bảo vệ dữ liệu cá nhân của mình; yêu cầu các tổ chức, cá nhân khác có liên quan bảo vệ dữ liệu cá nhân của mình.
2. Tôn trọng, bảo vệ dữ liệu cá nhân của người khác.
3. Cung cấp đầy đủ, chính xác dữ liệu cá nhân khi đồng ý cho phép xử lý dữ liệu cá nhân.
4. Tham gia tuyên truyền, phổ biến kỹ năng bảo vệ dữ liệu cá nhân.
5. Thực hiện quy định của pháp luật về bảo vệ dữ liệu cá nhân và tham gia phòng, chống các hành vi vi phạm quy định về bảo vệ dữ liệu cá nhân.","Chủ thể dữ liệu có nghĩa vụ tự bảo vệ dữ liệu cá nhân của mình và yêu cầu các tổ chức, cá nhân khác có liên quan bảo vệ dữ liệu cá nhân của mình; tôn trọng và bảo vệ dữ liệu cá nhân của người khác.",A,A,A,"Answer A provides a more comprehensive and detailed list of obligations for data subjects, covering multiple aspects of data protection, while Answer B is less detailed and only mentions a couple of obligations."
Điều 14 nói gì về cung cấp dữ liệu cá nhân?,"Điều 14 quy định về việc cung cấp dữ liệu cá nhân như sau:

1. Chủ thể dữ liệu có quyền yêu cầu Bên Kiểm soát dữ liệu cá nhân, Bên Kiểm soát và xử lý dữ liệu cá nhân cung cấp bản thân dữ liệu cá nhân của mình.
2. Bên Kiểm soát dữ liệu cá nhân, Bên Kiểm soát và xử lý dữ liệu cá nhân:
   a) Có thể cung cấp dữ liệu cá nhân của chủ thể dữ liệu cho tổ chức, cá nhân khác khi có sự đồng ý của chủ thể dữ liệu, trừ trường hợp pháp luật có quy định khác;
   b) Có thể thay mặt chủ thể dữ liệu cung cấp dữ liệu cá nhân cho tổ chức hoặc cá nhân khác khi chủ thể dữ liệu đồng ý cho phép đại diện hoặc ủy quyền, trừ trường hợp pháp luật có quy định khác.
3. Việc cung cấp dữ liệu cá nhân của chủ thể dữ liệu phải được thực hiện trong 72 giờ sau khi có yêu cầu của chủ thể dữ liệu, trừ trường hợp pháp luật có quy định khác.
4. Bên Kiểm soát dữ liệu cá nhân, Bên Kiểm soát và xử lý dữ liệu cá nhân không được cung cấp dữ liệu cá nhân trong các trường hợp gây tổn hại tới quốc phòng, an ninh quốc gia, trật tự an toàn xã hội.",Không tìm thấy.,A,A,A,"Answer A provides a detailed and accurate summary of Article 14 regarding the provision of personal data, addressing the rights of data subjects and the conditions under which data can be shared. In contrast, Answer B does not provide any information, making it irrelevant to the question."
Điều 12 nói gì về việc rút lại sự đồng ý?,"Điều 12 quy định về việc rút lại sự đồng ý như sau:

1. Việc rút lại sự đồng ý không ảnh hưởng đến tính hợp pháp của việc xử lý dữ liệu đã được đồng ý trước khi rút lại sự đồng ý.
2. Việc rút lại sự đồng ý phải được thể hiện ở một định dạng có thể được in, sao chép bằng văn bản, bao gồm cả dưới dạng điện tử hoặc định dạng kiể chứng được.
3. Khi nhận yêu cầu rút lại sự đồng ý của chủ thể dữ liệu, Bên Kiểm soát dữ liệu cá nhân, Bên Kiểm soát và xử lý dữ liệu cá nhân phải thông báo cho chủ thể dữ liệu về hậu quả, thiệt hại có thể xảy ra khi rút lại sự đồng ý.
4. Sau khi thực hiện quy định tại khoản 2, Bên Kiểm soát dữ liệu, Bên Xử lý dữ liệu, Bên Kiểm soát và xử lý dữ liệu, Bên thứ ba phải ngừng và yêu cầu các tổ chức, cá nhân có liên quan ngừng xử lý dữ liệu của chủ thể dữ liệu đã rút lại sự đồng ý.",Điều 12 quy định rằng việc rút lại sự đồng ý không ảnh hưởng đến tính hợp pháp của việc xử lý dữ liệu đã được đồng ý trước khi rút lại sự đồng ý. Việc rút lại sự đồng ý phải được thể hiện một cách rõ ràng.,A,A,A,"Answer A provides a comprehensive and detailed explanation of Article 12 regarding the withdrawal of consent, covering multiple aspects such as the legality of prior data processing, the format for withdrawal, the obligation to inform the data subject of potential consequences, and the requirement to cease data processing. In contrast, Answer B is less detailed and only mentions the legality of prior processing and the need for clarity in the withdrawal, making it less informative."
In what circumstances can personal data not be deleted according to the regulations concerning quốc phòng?,"Dữ liệu cá nhân sẽ không được xóa trong các trường hợp sau liên quan đến quốc phòng:

1. Trong trường hợp tình trạng khẩn cấp về quốc phòng, an ninh quốc gia, trật tự an toàn xã hội, thảm họa lớn, dịch bệnh nguy hiểm; khi có nguy cơ đe dọa an ninh, quốc phòng nhưng chưa đến mức ban bố tình trạng khẩn cấp.
2. Phòng, chống bạo loạn, khủng bố, phòng, chống tội phạm và vi phạm pháp luật.","Theo quy định, dữ liệu cá nhân không được phép xóa trong trường hợp tình trạng khẩn cấp về quốc phòng, an ninh quốc gia.",A,A,A,"Answer A provides a more comprehensive and detailed explanation of the circumstances under which personal data cannot be deleted, including specific scenarios related to national defense and security, while Answer B is too brief and lacks the necessary detail."
Những quy định nào của pháp luật liên quan đến việc xóa dữ liệu cá nhân?,"Các quy định của pháp luật liên quan đến việc xóa dữ liệu cá nhân bao gồm:

1. Việc xóa dữ liệu không áp dụng khi có đề nghị của chủ thể dữ liệu trong các trường hợp:
   a) Pháp luật quy định không cho phép xóa dữ liệu.
   b) Dữ liệu cá nhân được xử lý bởi cơ quan nhà nước có thẩm quyền với mục đích phục vụ hoạt động của cơ quan nhà nước theo quy định của pháp luật.
   c) Dữ liệu cá nhân đã được công khai theo quy định của pháp luật.
   d) Dữ liệu cá nhân được xử lý nhằm phục vụ yêu cầu pháp lý, nghiên cứu khoa học, thống kê theo quy định của pháp luật.
   e) Trong trường hợp tình trạng khẩn cấp về quốc phòng, an ninh quốc gia, trật tự an toàn xã hội, thảm họa lớn, dịch bệnh nguy hiểm; khi có nguy cơ đe dọa an ninh, quốc phòng nhưng chưa đến mức ban bố tình trạng khẩn cấp; phòng, chống bạo loạn, khủng bố, phòng, chống tội phạm và vi phạm pháp luật.
   f) Ứng phó với tình huống khẩn cấp đe dọa đến tính mạng, sức khỏe hoặc sự an toàn của chủ thể dữ liệu hoặc cá nhân khác.

2. Việc xóa dữ liệu được thực hiện trong 72 giờ sau khi có yêu cầu của chủ thể dữ liệu, trừ trường hợp pháp luật có quy định khác.

3. Bên Kiểm soát dữ liệu cá nhân, Bên Kiểm soát và xử lý dữ liệu cá nhân, Bên Xử lý dữ liệu cá nhân, Bên thứ ba có trách nhiệm xóa dữ liệu không thể khôi phục trong các trường hợp:
   a) Xử lý dữ liệu không đúng mục đích hoặc đã hoàn thành mục đích xử lý dữ liệu cá nhân được chủ thể dữ liệu đồng ý.
   b) Việc lưu trữ dữ liệu cá nhân không còn cần thiết đối với hoạt động của các bên liên quan.",Không tìm thấy.,A,A,A,"Answer A provides a comprehensive and detailed response to the question regarding legal regulations related to the deletion of personal data, covering various scenarios and responsibilities. In contrast, Answer B does not provide any information, making it irrelevant to the question."
Cục An ninh mạng có vai trò gì trong việc thông báo vi phạm quy định về bảo vệ dữ liệu cá nhân?,Cục An ninh mạng có vai trò nhận thông báo từ Bên Kiểm soát dữ liệu cá nhân và Bên Kiểm soát và xử lý dữ liệu cá nhân khi phát hiện vi phạm quy định bảo vệ dữ liệu cá nhân. Thông báo phải được thực hiện chậm nhất 72 giờ sau khi xảy ra hành vi vi phạm. Cục cũng phối hợp với các bên liên quan để xử lý hành vi vi phạm.,Cục An ninh mạng có vai trò tiếp nhận thông báo và phối hợp xử lý hành vi vi phạm quy định bảo vệ dữ liệu cá nhân.,A,A,A,"Answer A provides more detailed information about the role of the Cục An ninh mạng, including the specific requirement for notification within 72 hours and the involvement of relevant parties in handling violations, making it more factually accurate and relevant to the question."
What does Điều 17 specify regarding the processing of children's personal data?,Không tìm thấy thông tin.,"Điều 17 quy định về việc xử lý dữ liệu cá nhân của trẻ em, bao gồm việc ngừng xử lý và xóa không thể khôi phục hoặc huỷ dữ liệu cá nhân của trẻ em trong các trường hợp như xử lý không đúng mục đích hoặc khi mục đích xử lý dữ liệu cá nhân đã hoàn thành.",B,B,B,"Answer B provides specific information about Điều 17 and its regulations regarding the processing of children's personal data, making it factually accurate and relevant to the question. Answer A, on the other hand, states that no information was found, which does not address the question."
What are the requirements for transferring personal data outside of Việt Nam according to the regulations?,"Theo quy định, dữ liệu cá nhân của công dân Việt Nam được chuyển ra nước ngoài trong trường hợp Bên chuyển dữ liệu ra nước ngoài lập Hồ sơ đánh giá tác động chuyển dữ liệu cá nhân ra nước ngoài.",Không tìm thấy.,A,A,A,"Answer A provides a specific requirement related to the transfer of personal data outside of Việt Nam, indicating the need for an impact assessment document, while Answer B does not provide any relevant information."
What is the role of Bộ Công an in the evaluation of personal data processing impact?,"Bộ Công an (Cục An ninh mạng và phòng, chống tội phạm sử dụng công nghệ cao) có vai trò đánh giá, yêu cầu Bên Kiểm soát dữ liệu cá nhân, Bên Kiểm soát và xử lý dữ liệu cá nhân trong việc thực hiện đánh giá tác động xử lý dữ liệu cá nhân. Họ cũng có quyền kiểm tra, đánh giá Hồ sơ đánh giá tác động xử lý dữ liệu cá nhân và yêu cầu gửi bản chính của hồ sơ này trong thời gian quy định.","Bộ Công an, thông qua Cục An ninh mạng và phòng, chống tội phạm sử dụng công nghệ cao, có vai trò đánh giá và yêu cầu hoàn thiện hồ sơ đánh giá tác động xử lý dữ liệu cá nhân và chuyển dữ liệu cá nhân ra nước ngoài trong trường hợp hồ sơ chưa đầy đủ và không đúng quy định.",A,A,A,"Answer A provides a more comprehensive explanation of the role of Bộ Công an in evaluating personal data processing impact, including their authority to check and request documentation. Answer B is less detailed and focuses on the completeness of the documentation without addressing the broader evaluation role."
What are the requirements for transferring personal data of Công dân Việt Nam abroad?,"Các yêu cầu để chuyển dữ liệu cá nhân của Công dân Việt Nam ra nước ngoài bao gồm:

1. Hồ sơ đánh giá tác động chuyển dữ liệu cá nhân ra nước ngoài, bao gồm:
   - Thông tin và chi tiết liên lạc của Bên chuyển dữ liệu và Bên tiếp nhận dữ liệu cá nhân.
   - Họ tên, chi tiết liên lạc của tổ chức, cá nhân phụ trách của Bên chuyển dữ liệu.
   - Mô tả và luận giải mục tiêu của các hoạt động xử lý dữ liệu cá nhân sau khi chuyển ra nước ngoài.
   - Mô tả loại dữ liệu cá nhân chuyển ra nước ngoài.
   - Chi tiết các biện pháp bảo vệ dữ liệu cá nhân được áp dụng.
   - Đánh giá mức độ ảnh hưởng của việc xử lý dữ liệu cá nhân và các biện pháp giảm thiểu rủi ro.
   - Sự đồng ý của chủ thể dữ liệu.
   - Văn bản thể hiện sự ràng buộc, trách nhiệm giữa các tổ chức, cá nhân liên quan.

2. Hồ sơ phải luôn có sẵn để phục vụ hoạt động kiểm tra của Bộ Công an và gửi 01 bản chính tới Bộ Công an trong thời gian 60 ngày kể từ ngày tiến hành xử lý dữ liệu.

3. Bên chuyển dữ liệu phải thông báo cho Bộ Công an về việc chuyển dữ liệu và chi tiết liên lạc của tổ chức, cá nhân phụ trách sau khi việc chuyển dữ liệu diễn ra thành công.

4. Bộ Công an có quyền yêu cầu hoàn thiện hồ sơ nếu chưa đầy đủ và đúng quy định, và Bên chuyển dữ liệu phải cập nhật, bổ sung hồ sơ khi có sự thay đổi.

5. Bộ Công an quyết định việc kiểm tra chuyển dữ liệu cá nhân ra nước ngoài 01 lần/năm và có quyền yêu cầu ngừng chuyển dữ liệu trong một số trường hợp cụ thể.",Không tìm thấy.,A,A,A,"Answer A provides a comprehensive and detailed response to the question regarding the requirements for transferring personal data of Công dân Việt Nam abroad, covering all necessary aspects. In contrast, Answer B does not provide any information, making it irrelevant to the question."
What are the requirements outlined in the Nghị định for the assessment of the impact of transferring personal data abroad?,"Các yêu cầu được nêu trong Nghị định cho hồ sơ đánh giá tác động chuyển dữ liệu cá nhân ra nước ngoài bao gồm:

1. Thông tin và chi tiết liên lạc của Bên chuyển dữ liệu và Bên tiếp nhận dữ liệu cá nhân của công dân Việt Nam.
2. Họ tên, chi tiết liên lạc của tổ chức, cá nhân phụ trách của Bên chuyển dữ liệu có liên quan tới việc chuyển và tiếp nhận dữ liệu cá nhân.
3. Mô tả và luận giải mục tiêu của các hoạt động xử lý dữ liệu cá nhân của công dân Việt Nam sau khi được chuyển ra nước ngoài.
4. Mô tả và làm rõ loại dữ liệu cá nhân chuyển ra nước ngoài.
5. Mô tả và nếu có sự tuân thủ quy định bảo vệ dữ liệu cá nhân, chi tiết các biện pháp bảo vệ dữ liệu cá nhân được áp dụng.
6. Đánh giá mức độ ảnh hưởng của việc xử lý dữ liệu cá nhân; hậu quả, thiệt hại không mong muốn có khả năng xảy ra, các biện pháp giảm thiểu hoặc loại bỏ nguy cơ, tác hại đó.
7. Sự đồng ý của chủ thể dữ liệu theo quy định, trên cơ sở biết rõ cơ chế phản hồi, khiếu nại khi có sự cố hoặc yêu cầu phát sinh.
8. Có văn bản thể hiện sự ràng buộc, trách nhiệm giữa các tổ chức, cá nhân chuyển và nhận dữ liệu cá nhân về việc xử lý dữ liệu cá nhân.",Không tìm thấy.,A,A,A,"Answer A provides a comprehensive and detailed list of the requirements outlined in the Nghị định for the assessment of the impact of transferring personal data abroad, directly addressing the question. In contrast, Answer B does not provide any information, making it irrelevant to the question."
Cục An ninh mạng có trách nhiệm gì trong bảo vệ dữ liệu cá nhân?,"Cục An ninh mạng và phòng, chống tội phạm sử dụng công nghệ cao - Bộ Công an có trách nhiệm giúp Bộ Công an thực hiện quản lý nhà nước về bảo vệ dữ liệu cá nhân.","Cục An ninh mạng có trách nhiệm bảo vệ dữ liệu cá nhân trong các hoạt động thông tin và truyền thông theo chức năng, nhiệm vụ được giao, và phối hợp với Bộ Công an trong thanh tra, kiểm tra, xử lý vi phạm pháp luật về bảo vệ dữ liệu cá nhân.",B,B,B,"Answer B provides a more comprehensive explanation of the responsibilities of the Cục An ninh mạng, including specific actions like coordination with the Ministry of Public Security for inspections and handling violations, which directly relates to the protection of personal data."
What role does the Đảng play in the context of personal data protection regulations?,Không tìm thấy thông tin.,Không tìm thấy.,tie,tie,tie,"Both answers indicate a lack of information regarding the Đảng's role in personal data protection regulations, making them equally relevant and concise."
"What are the responsibilities of data controllers regarding personal data protection, and what are the potential consequences for violations of personal data protection regulations?","Bên Kiểm soát dữ liệu cá nhân có trách nhiệm tuân thủ các nguyên tắc xử lý dữ liệu được quy định và chứng minh sự tuân thủ của mình với các nguyên tắc đó. Nếu vi phạm quy định bảo vệ dữ liệu cá nhân, cơ quan, tổ chức, cá nhân có thể bị xử lý kỷ luật, xử phạt vi phạm hành chính, hoặc xử lý hình sự theo quy định.",Không tìm thấy.,A,A,A,"Answer A provides a clear and accurate explanation of the responsibilities of data controllers regarding personal data protection and outlines the potential consequences for violations, making it relevant and factual. Answer B does not provide any information."
"What rights do data subjects have regarding their personal information, and how does the regulation ensure compliance with these rights?","Chủ thể dữ liệu có các quyền sau đối với dữ liệu cá nhân của mình:

1. **Quyền được biết**: Chủ thể dữ liệu được biết về hoạt động xử lý dữ liệu cá nhân của mình.
2. **Quyền đồng ý**: Chủ thể dữ liệu có quyền đồng ý hoặc không đồng ý cho phép xử lý dữ liệu cá nhân của mình.
3. **Quyền truy cập**: Chủ thể dữ liệu được truy cập để xem, chỉnh sửa hoặc yêu cầu chỉnh sửa dữ liệu cá nhân của mình.
4. **Quyền rút lại sự đồng ý**: Chủ thể dữ liệu có quyền rút lại sự đồng ý của mình.
5. **Quyền xóa dữ liệu**: Chủ thể dữ liệu có quyền xóa hoặc yêu cầu xóa dữ liệu cá nhân của mình.
6. **Quyền hạn chế xử lý dữ liệu**: Chủ thể dữ liệu có quyền yêu cầu hạn chế xử lý dữ liệu cá nhân của mình.
7. **Quyền cung cấp dữ liệu**: Chủ thể dữ liệu có quyền yêu cầu Bên Kiểm soát dữ liệu cá nhân cung cấp cho bản thân dữ liệu cá nhân của mình.
8. **Quyền phản đối xử lý dữ liệu**: Chủ thể dữ liệu có quyền phản đối việc xử lý dữ liệu cá nhân của mình.
9. **Quyền khiếu nại, tố cáo, khởi kiện**: Chủ thể dữ liệu có quyền khiếu nại, tố cáo hoặc khởi kiện theo quy định của pháp luật.
10. **Quyền yêu cầu bồi thường thiệt hại**: Chủ thể dữ liệu có quyền yêu cầu bồi thường thiệt hại khi xảy ra vi phạm quy định về bảo vệ dữ liệu cá nhân của mình.
11. **Quyền tự bảo vệ**: Chủ thể dữ liệu có quyền tự bảo vệ theo quy định của pháp luật.

Nghị định bảo vệ dữ liệu cá nhân đảm bảo tuân thủ các quyền này bằng cách quy định rõ ràng các nghĩa vụ của Bên Kiểm soát dữ liệu cá nhân trong việc thực hiện các yêu cầu của chủ thể dữ liệu, như thực hiện yêu cầu trong thời gian quy định (thường là 72 giờ) và cung cấp thông tin đầy đủ về quyền và nghĩa vụ của chủ thể dữ liệu.","Chủ thể dữ liệu có các quyền về dữ liệu cá nhân như quyền đồng ý, quyền truy cập, và quyền tự bảo vệ. Quy định đảm bảo các quyền này bằng cách yêu cầu các bên xử lý dữ liệu cá nhân tuân thủ theo quy định pháp luật và thực hiện các biện pháp bảo vệ phù hợp để bảo vệ quyền lợi của chủ thể dữ liệu.",A,A,A,"Answer A provides a comprehensive and detailed list of the rights of data subjects, covering various aspects of data protection. It also explains how the regulation ensures compliance with these rights, including specific obligations for data controllers. In contrast, Answer B is less detailed, only mentioning a few rights and lacking depth in the explanation of compliance measures."
Làm thế nào để thông báo xử lý dữ liệu cá nhân nhạy cảm cho chủ thể dữ liệu?,Không tìm thấy thông tin.,Không tìm thấy.,A,tie,tie,"Answer A provides a more specific response by mentioning 'thông tin' (information), which implies a lack of relevant details regarding the notification process for handling sensitive personal data. Answer B is less specific and simply states 'không tìm thấy' (not found), making it less informative."
Làm thế nào để bảo vệ dữ liệu cá nhân và đảm bảo việc xử lý dữ liệu cá nhân tuân thủ các quy định pháp luật tại Việt Nam?,"Để bảo vệ dữ liệu cá nhân và đảm bảo việc xử lý dữ liệu cá nhân tuân thủ các quy định pháp luật tại Việt Nam, cần thực hiện các biện pháp sau:

1. **Tuân thủ quy định pháp luật**: Dữ liệu cá nhân phải được xử lý theo quy định của pháp luật và chỉ được xử lý đúng với mục đích đã được Bên Kiểm soát dữ liệu cá nhân xác định.

2. **Thông báo cho chủ thể dữ liệu**: Chủ thể dữ liệu cần được thông báo về các hoạt động liên quan đến việc xử lý dữ liệu cá nhân của họ.

3. **Giới hạn phạm vi thu thập**: Dữ liệu cá nhân chỉ được thu thập trong phạm vi và mục đích cần thiết cho việc xử lý.

4. **Bảo mật dữ liệu**: Áp dụng các biện pháp bảo vệ, bảo mật trong quá trình xử lý dữ liệu cá nhân để ngăn chặn các hành vi vi phạm và bảo vệ dữ liệu khỏi mất mát, phá hủy.

5. **Thời gian lưu trữ**: Dữ liệu cá nhân chỉ được lưu trữ trong khoảng thời gian phù hợp với mục đích xử lý, trừ khi có quy định khác của pháp luật.

6. **Chịu trách nhiệm**: Bên Kiểm soát dữ liệu và Bên Kiểm soát và xử lý dữ liệu cá nhân phải chịu trách nhiệm tuân thủ các nguyên tắc xử lý dữ liệu và chứng minh sự tuân thủ đó.

7. **Đánh giá tác động**: Lập và lưu giữ Hồ sơ đánh giá tác động xử lý dữ liệu cá nhân để đánh giá mức độ ảnh hưởng và các biện pháp giảm thiểu rủi ro.

8. **Chuyển dữ liệu ra nước ngoài**: Trong trường hợp chuyển dữ liệu cá nhân ra nước ngoài, cần lập Hồ sơ đánh giá tác động chuyển dữ liệu và đảm bảo tuân thủ các quy định liên quan.

Bằng cách thực hiện các biện pháp này, các cơ quan, tổ chức và cá nhân có thể bảo vệ dữ liệu cá nhân và đảm bảo việc xử lý dữ liệu tuân thủ quy định pháp luật tại Việt Nam.","Để bảo vệ dữ liệu cá nhân và đảm bảo việc xử lý dữ liệu cá nhân tuân thủ các quy định pháp luật tại Việt Nam, cần thực hiện các biện pháp tổ chức, kỹ thuật và an toàn phù hợp, bao gồm:

1. Thực hiện các biện pháp tổ chức và kỹ thuật cùng các biện pháp an toàn, bảo mật để chứng minh rằng các hoạt động xử lý dữ liệu cá nhân được thực hiện theo quy định của pháp luật.
2. Ra soát và cập nhật các biện pháp bảo vệ dữ liệu cá nhân theo quy định tại Nghị định và các văn bản pháp luật liên quan.
3. Đảm bảo việc xử lý dữ liệu cá nhân phải thực hiện theo đúng hợp đồng hoặc thỏa thuận ký kết với Bên Kiểm soát dữ liệu cá nhân.",A,A,A,"Answer A provides a more comprehensive and detailed approach to protecting personal data and ensuring compliance with legal regulations in Vietnam. It covers various aspects such as legal compliance, data subject notification, data collection limits, data security, storage duration, accountability, impact assessment, and cross-border data transfer. In contrast, Answer B is less detailed and does not address as many specific measures, making it less relevant to the question."
