question,answer_a,answer_b
"What rights do data subjects have regarding their personal information, and how does the regulation ensure compliance with these rights?","Chủ thể dữ liệu có các quyền sau đối với dữ liệu cá nhân của mình:

1. **Quyền được biết**: Chủ thể dữ liệu được biết về hoạt động xử lý dữ liệu cá nhân của mình.
2. **Quyền đồng ý**: Chủ thể dữ liệu có quyền đồng ý hoặc không đồng ý cho phép xử lý dữ liệu cá nhân của mình.
3. **Quyền truy cập**: Chủ thể dữ liệu được truy cập để xem, chỉnh sửa hoặc yêu cầu chỉnh sửa dữ liệu cá nhân của mình.
4. **Quyền rút lại sự đồng ý**: Chủ thể dữ liệu có quyền rút lại sự đồng ý của mình.
5. **Quyền xóa dữ liệu**: Chủ thể dữ liệu có quyền xóa hoặc yêu cầu xóa dữ liệu cá nhân của mình.
6. **Quyền hạn chế xử lý dữ liệu**: Chủ thể dữ liệu có quyền yêu cầu hạn chế xử lý dữ liệu cá nhân của mình.
7. **Quyền cung cấp dữ liệu**: Chủ thể dữ liệu có quyền yêu cầu Bên Kiểm soát dữ liệu cá nhân cung cấp cho bản thân dữ liệu cá nhân của mình.
8. **Quyền phản đối xử lý dữ liệu**: Chủ thể dữ liệu có quyền phản đối việc xử lý dữ liệu cá nhân của mình.
9. **Quyền khiếu nại, tố cáo, khởi kiện**: Chủ thể dữ liệu có quyền khiếu nại, tố cáo hoặc khởi kiện theo quy định của pháp luật.
10. **Quyền yêu cầu bồi thường thiệt hại**: Chủ thể dữ liệu có quyền yêu cầu bồi thường thiệt hại khi xảy ra vi phạm quy định về bảo vệ dữ liệu cá nhân của mình.
11. **Quyền tự bảo vệ**: Chủ thể dữ liệu có quyền tự bảo vệ theo quy định của pháp luật.

Nghị định bảo vệ dữ liệu cá nhân đảm bảo tuân thủ các quyền này bằng cách quy định rõ ràng các nghĩa vụ của Bên Kiểm soát dữ liệu cá nhân trong việc thực hiện các yêu cầu của chủ thể dữ liệu, như thực hiện yêu cầu trong thời gian quy định (thường là 72 giờ) và cung cấp thông tin đầy đủ về quyền và nghĩa vụ của chủ thể dữ liệu.","Chủ thể dữ liệu có các quyền về dữ liệu cá nhân như quyền đồng ý, quyền truy cập, và quyền tự bảo vệ. Quy định đảm bảo các quyền này bằng cách yêu cầu các bên xử lý dữ liệu cá nhân tuân thủ theo quy định pháp luật và thực hiện các biện pháp bảo vệ phù hợp để bảo vệ quyền lợi của chủ thể dữ liệu."
Điều 12 nói gì về việc rút lại sự đồng ý?,"Điều 12 quy định về việc rút lại sự đồng ý như sau:

1. Việc rút lại sự đồng ý không ảnh hưởng đến tính hợp pháp của việc xử lý dữ liệu đã được đồng ý trước khi rút lại sự đồng ý.
2. Việc rút lại sự đồng ý phải được thể hiện ở một định dạng có thể được in, sao chép bằng văn bản, bao gồm cả dưới dạng điện tử hoặc định dạng kiể chứng được.
3. Khi nhận yêu cầu rút lại sự đồng ý của chủ thể dữ liệu, Bên Kiểm soát dữ liệu cá nhân, Bên Kiểm soát và xử lý dữ liệu cá nhân phải thông báo cho chủ thể dữ liệu về hậu quả, thiệt hại có thể xảy ra khi rút lại sự đồng ý.
4. Sau khi thực hiện quy định tại khoản 2, Bên Kiểm soát dữ liệu, Bên Xử lý dữ liệu, Bên Kiểm soát và xử lý dữ liệu, Bên thứ ba phải ngừng và yêu cầu các tổ chức, cá nhân có liên quan ngừng xử lý dữ liệu của chủ thể dữ liệu đã rút lại sự đồng ý.",Điều 12 quy định rằng việc rút lại sự đồng ý không ảnh hưởng đến tính hợp pháp của việc xử lý dữ liệu đã được đồng ý trước khi rút lại sự đồng ý. Việc rút lại sự đồng ý phải được thể hiện một cách rõ ràng.
What are the requirements outlined in the Nghị định for the assessment of the impact of transferring personal data abroad?,"Các yêu cầu được nêu trong Nghị định cho hồ sơ đánh giá tác động chuyển dữ liệu cá nhân ra nước ngoài bao gồm:

1. Thông tin và chi tiết liên lạc của Bên chuyển dữ liệu và Bên tiếp nhận dữ liệu cá nhân của công dân Việt Nam.
2. Họ tên, chi tiết liên lạc của tổ chức, cá nhân phụ trách của Bên chuyển dữ liệu có liên quan tới việc chuyển và tiếp nhận dữ liệu cá nhân.
3. Mô tả và luận giải mục tiêu của các hoạt động xử lý dữ liệu cá nhân của công dân Việt Nam sau khi được chuyển ra nước ngoài.
4. Mô tả và làm rõ loại dữ liệu cá nhân chuyển ra nước ngoài.
5. Mô tả và nếu có sự tuân thủ quy định bảo vệ dữ liệu cá nhân, chi tiết các biện pháp bảo vệ dữ liệu cá nhân được áp dụng.
6. Đánh giá mức độ ảnh hưởng của việc xử lý dữ liệu cá nhân; hậu quả, thiệt hại không mong muốn có khả năng xảy ra, các biện pháp giảm thiểu hoặc loại bỏ nguy cơ, tác hại đó.
7. Sự đồng ý của chủ thể dữ liệu theo quy định, trên cơ sở biết rõ cơ chế phản hồi, khiếu nại khi có sự cố hoặc yêu cầu phát sinh.
8. Có văn bản thể hiện sự ràng buộc, trách nhiệm giữa các tổ chức, cá nhân chuyển và nhận dữ liệu cá nhân về việc xử lý dữ liệu cá nhân.",Không tìm thấy.
Những quy định nào của pháp luật liên quan đến việc xóa dữ liệu cá nhân?,"Các quy định của pháp luật liên quan đến việc xóa dữ liệu cá nhân bao gồm:

1. Việc xóa dữ liệu không áp dụng khi có đề nghị của chủ thể dữ liệu trong các trường hợp:
   a) Pháp luật quy định không cho phép xóa dữ liệu.
   b) Dữ liệu cá nhân được xử lý bởi cơ quan nhà nước có thẩm quyền với mục đích phục vụ hoạt động của cơ quan nhà nước theo quy định của pháp luật.
   c) Dữ liệu cá nhân đã được công khai theo quy định của pháp luật.
   d) Dữ liệu cá nhân được xử lý nhằm phục vụ yêu cầu pháp lý, nghiên cứu khoa học, thống kê theo quy định của pháp luật.
   e) Trong trường hợp tình trạng khẩn cấp về quốc phòng, an ninh quốc gia, trật tự an toàn xã hội, thảm họa lớn, dịch bệnh nguy hiểm; khi có nguy cơ đe dọa an ninh, quốc phòng nhưng chưa đến mức ban bố tình trạng khẩn cấp; phòng, chống bạo loạn, khủng bố, phòng, chống tội phạm và vi phạm pháp luật.
   f) Ứng phó với tình huống khẩn cấp đe dọa đến tính mạng, sức khỏe hoặc sự an toàn của chủ thể dữ liệu hoặc cá nhân khác.

2. Việc xóa dữ liệu được thực hiện trong 72 giờ sau khi có yêu cầu của chủ thể dữ liệu, trừ trường hợp pháp luật có quy định khác.

3. Bên Kiểm soát dữ liệu cá nhân, Bên Kiểm soát và xử lý dữ liệu cá nhân, Bên Xử lý dữ liệu cá nhân, Bên thứ ba có trách nhiệm xóa dữ liệu không thể khôi phục trong các trường hợp:
   a) Xử lý dữ liệu không đúng mục đích hoặc đã hoàn thành mục đích xử lý dữ liệu cá nhân được chủ thể dữ liệu đồng ý.
   b) Việc lưu trữ dữ liệu cá nhân không còn cần thiết đối với hoạt động của các bên liên quan.",Không tìm thấy.
Bên Kiểm soát dữ liệu là gì trong bối cảnh bảo vệ dữ liệu cá nhân?,"Bên Kiểm soát dữ liệu là tổ chức, cá nhân đồng thời quyết định mục đích, phương tiện và trực tiếp xử lý dữ liệu cá nhân.","Bên Kiểm soát dữ liệu cá nhân là tổ chức, cá nhân quyết định mục đích và phương tiện xử lý dữ liệu cá nhân."
Chính phủ có vai trò gì trong việc quản lý nhà nước về bảo vệ dữ liệu cá nhân?,"Chính phủ thống nhất quản lý nhà nước về bảo vệ dữ liệu cá nhân. Nội dung quản lý nhà nước về bảo vệ dữ liệu cá nhân bao gồm việc trình cơ quan nhà nước có thẩm quyền ban hành hoặc ban hành theo thẩm quyền văn bản quy phạm pháp luật, xây dựng và tổ chức thực hiện chiến lược, chính sách, đề án, dự án, chương trình, kế hoạch về bảo vệ dữ liệu cá nhân, hướng dẫn cơ quan, tổ chức, cá nhân về biện pháp, quy trình, tiêu chuẩn bảo vệ dữ liệu cá nhân, tuyên truyền, giáo dục pháp luật về bảo vệ dữ liệu cá nhân, xây dựng, đào tạo, bồi dưỡng cán bộ, công chức, viên chức và người trực giao làm công tác bảo vệ dữ liệu cá nhân, cũng như thanh tra, kiểm tra việc thực hiện quy định của pháp luật về bảo vệ dữ liệu cá nhân.",Chính phủ thống nhất quản lý nhà nước về bảo vệ dữ liệu cá nhân.
Làm thế nào để thông báo xử lý dữ liệu cá nhân nhạy cảm cho chủ thể dữ liệu?,Không tìm thấy thông tin.,Không tìm thấy.
Cục An ninh mạng có trách nhiệm gì trong bảo vệ dữ liệu cá nhân?,"Cục An ninh mạng và phòng, chống tội phạm sử dụng công nghệ cao - Bộ Công an có trách nhiệm giúp Bộ Công an thực hiện quản lý nhà nước về bảo vệ dữ liệu cá nhân.","Cục An ninh mạng có trách nhiệm bảo vệ dữ liệu cá nhân trong các hoạt động thông tin và truyền thông theo chức năng, nhiệm vụ được giao, và phối hợp với Bộ Công an trong thanh tra, kiểm tra, xử lý vi phạm pháp luật về bảo vệ dữ liệu cá nhân."
Nghị định nói gì về quyền của chủ thể dữ liệu?,"Nghị định quy định các quyền của chủ thể dữ liệu như sau:

1. **Quyền được biết**: Chủ thể dữ liệu có quyền biết về hoạt động xử lý dữ liệu cá nhân của mình.
2. **Quyền đồng ý**: Chủ thể dữ liệu có quyền đồng ý hoặc không đồng ý cho phép xử lý dữ liệu cá nhân của mình.
3. **Quyền truy cập**: Chủ thể dữ liệu có quyền truy cập để xem, chỉnh sửa hoặc yêu cầu chỉnh sửa dữ liệu cá nhân của mình.
4. **Quyền rút lại sự đồng ý**: Chủ thể dữ liệu có quyền rút lại sự đồng ý của mình.
5. **Quyền xóa dữ liệu**: Chủ thể dữ liệu có quyền xóa hoặc yêu cầu xóa dữ liệu cá nhân của mình.
6. **Quyền hạn chế xử lý dữ liệu**: Chủ thể dữ liệu có quyền yêu cầu hạn chế xử lý dữ liệu cá nhân của mình.
7. **Quyền cung cấp dữ liệu**: Chủ thể dữ liệu có quyền yêu cầu Bên Kiểm soát dữ liệu cá nhân cung cấp cho bản thân dữ liệu cá nhân của mình.
8. **Quyền phản đối xử lý dữ liệu**: Chủ thể dữ liệu có quyền phản đối việc xử lý dữ liệu cá nhân của mình.
9. **Quyền khiếu nại, tố cáo, khởi kiện**: Chủ thể dữ liệu có quyền khiếu nại, tố cáo hoặc khởi kiện theo quy định của pháp luật.
10. **Quyền yêu cầu bồi thường thiệt hại**: Chủ thể dữ liệu có quyền yêu cầu bồi thường thiệt hại khi xảy ra vi phạm quy định về bảo vệ dữ liệu cá nhân của mình.
11. **Quyền tự bảo vệ**: Chủ thể dữ liệu có quyền tự bảo vệ theo quy định của pháp luật.","Nghị định nói rằng chủ thể dữ liệu có quyền đồng ý hoặc không đồng ý cho phép xử lý dữ liệu cá nhân của mình, quyền truy cập để xem, chỉnh sửa dữ liệu cá nhân, và quyền tự bảo vệ theo quy định của pháp luật. Chủ thể dữ liệu cũng có quyền yêu cầu các cơ quan, tổ chức có thẩm quyền thực hiện các phương thức bảo vệ quyền dân sự liên quan."
What is the tax period mentioned for VAT declaration in the context?,Kỳ tính thuế được đề cập trong bối cảnh là Quý 4 năm 2024.,Không tìm thấy.
